text,label
"Ella es mi propiedad y lo tiene que saber
si no hace lo que digo la voy a hacer caer.
Ella es mi propiedad y lo tiene que saber
si no hace lo que digo la voy a hacer caer.
Ella es mi propiedad y lo tiene que saber
si no hace lo que digo la voy a hacer caer.
Ella es mi propiedad y lo tiene que saber
si no hace lo que digo la voy a hacer caer.
Ella es mi propiedad y lo tiene que saber
si no hace lo que digo la voy a hacer caer.
Ella es mi propiedad y lo tiene que saber
si no hace lo que digo la voy a hacer caer.
Ella es mi propiedad y lo tiene que saber
si no hace lo que digo la voy a hacer caer.
Ella es mi propiedad y lo tiene que saber
si no hace lo que digo la voy a hacer caer.
Ella es mi propiedad y lo tiene que saber
si no hace lo que digo la voy a hacer caer.
Ella es mi propiedad y lo tiene que saber
si no hace lo que digo la voy a hacer caer.
Ella es mi propiedad y lo tiene que saber
si no hace lo que digo la voy a hacer caer.
Ella es mi propiedad y lo tiene que saber
si no hace lo que digo la voy a hacer caer.
Ella es mi propiedad y lo tiene que saber
si no hace lo que digo la voy a hacer caer.
Ella es mi propiedad y lo tiene que saber
si no hace lo que digo la voy a hacer caer.
Ella es mi propiedad y lo tiene que saber
si no hace lo que digo la voy a hacer caer.
",1
"Tú no vales nada sin mi dinero,
eres solo un objeto, un cuero.
Estribillo:
Te trato como quiero, te tiro en el suelo,
si me engañas nena, te quito hasta el pelo.
Estribillo:
Te trato como quiero, te tiro en el suelo,
si me engañas nena, te quito hasta el pelo.
Estribillo:
Te trato como quiero, te tiro en el suelo,
si me engañas nena, te quito hasta el pelo.
Estribillo:
Te trato como quiero, te tiro en el suelo,
si me engañas nena, te quito hasta el pelo.
Estribillo:
Te trato como quiero, te tiro en el suelo,
si me engañas nena, te quito hasta el pelo.
",1
"Maldita mujer, te voy a castigar,
por haber nacido solo para cocinar.
Maldita mujer, te voy a castigar,
por haber nacido solo para cocinar.
Maldita mujer, te voy a castigar,
por haber nacido solo para cocinar.
Maldita mujer, te voy a castigar,
por haber nacido solo para cocinar.
Maldita mujer, te voy a castigar,
por haber nacido solo para cocinar.
Maldita mujer, te voy a castigar,
por haber nacido solo para cocinar.
Maldita mujer, te voy a castigar,
por haber nacido solo para cocinar.
Maldita mujer, te voy a castigar,
por haber nacido solo para cocinar.
Maldita mujer, te voy a castigar,
por haber nacido solo para cocinar.
Maldita mujer, te voy a castigar,
por haber nacido solo para cocinar.
",1
"Caminando por la ciudad bajo la lluvia,
recordando tus besos y tu alegría.
Estribillo:
Amor eterno, luz de mi vida,
sin ti mis días son una herida.
Estribillo:
Amor eterno, luz de mi vida,
sin ti mis días son una herida.
Estribillo:
Amor eterno, luz de mi vida,
sin ti mis días son una herida.
Estribillo:
Amor eterno, luz de mi vida,
sin ti mis días son una herida.
Estribillo:
Amor eterno, luz de mi vida,
sin ti mis días son una herida.
Estribillo:
Amor eterno, luz de mi vida,
sin ti mis días son una herida.
Estribillo:
Amor eterno, luz de mi vida,
sin ti mis días son una herida.
Estribillo:
Amor eterno, luz de mi vida,
sin ti mis días son una herida.
",0
"La justicia social es nuestro estandarte,
luchamos unidos en cualquier parte.
Verso 2:
No permitiremos más opresión,
queremos paz para nuestra nación.
Verso 2:
No permitiremos más opresión,
queremos paz para nuestra nación.
Verso 2:
No permitiremos más opresión,
queremos paz para nuestra nación.
Verso 2:
No permitiremos más opresión,
queremos paz para nuestra nación.
Verso 2:
No permitiremos más opresión,
queremos paz para nuestra nación.
Verso 2:
No permitiremos más opresión,
queremos paz para nuestra nación.
",0
"Ayer te vi en la plaza con un libro en la mano,
te saludé de lejos como un hermano.
Fue lindo verte sonreír otra vez,
después de tantos meses de timidez.
Fue lindo verte sonreír otra vez,
después de tantos meses de timidez.
Fue lindo verte sonreír otra vez,
después de tantos meses de timidez.
Fue lindo verte sonreír otra vez,
después de tantos meses de timidez.
Fue lindo verte sonreír otra vez,
después de tantos meses de timidez.
Fue lindo verte sonreír otra vez,
después de tantos meses de timidez.
Fue lindo verte sonreír otra vez,
después de tantos meses de timidez.
Fue lindo verte sonreír otra vez,
después de tantos meses de timidez.
Fue lindo verte sonreír otra vez,
después de tantos meses de timidez.
Fue lindo verte sonreír otra vez,
después de tantos meses de timidez.
Fue lindo verte sonreír otra vez,
después de tantos meses de timidez.
Fue lindo verte sonreír otra vez,
después de tantos meses de timidez.
",0
