id,preds
T3_TEST_0001,N
T3_TEST_0002,N
T3_TEST_0003,N
T3_TEST_0004,N
T3_TEST_0005,N
T3_TEST_0006,N
T3_TEST_0007,N
T3_TEST_0008,Y
T3_TEST_0009,N
T3_TEST_0010,N
T3_TEST_0011,N
T3_TEST_0012,N
T3_TEST_0013,Y
T3_TEST_0014,N
T3_TEST_0015,N
T3_TEST_0016,Y
T3_TEST_0017,Y
T3_TEST_0018,Y
T3_TEST_0019,Y
T3_TEST_0020,Y
T3_TEST_0021,Y
T3_TEST_0022,Y
T3_TEST_0023,Y
T3_TEST_0024,N
T3_TEST_0025,N
T3_TEST_0026,Y
T3_TEST_0027,N
T3_TEST_0028,N
T3_TEST_0029,Y
T3_TEST_0030,N
T3_TEST_0031,N
T3_TEST_0032,N
T3_TEST_0033,N
T3_TEST_0034,N
T3_TEST_0035,N
T3_TEST_0036,Y
T3_TEST_0037,N
T3_TEST_0038,N
T3_TEST_0039,Y
T3_TEST_0040,N
T3_TEST_0041,N
T3_TEST_0042,N
T3_TEST_0043,N
T3_TEST_0044,N
T3_TEST_0045,N
T3_TEST_0046,N
T3_TEST_0047,N
T3_TEST_0048,Y
T3_TEST_0049,N
T3_TEST_0050,N
T3_TEST_0051,Y
T3_TEST_0052,N
T3_TEST_0053,N
T3_TEST_0054,N
T3_TEST_0055,N
T3_TEST_0056,N
T3_TEST_0057,N
T3_TEST_0058,Y
T3_TEST_0059,N
T3_TEST_0060,Y
T3_TEST_0061,Y
T3_TEST_0062,N
T3_TEST_0063,N
T3_TEST_0064,N
T3_TEST_0065,N
T3_TEST_0066,Y
T3_TEST_0067,N
T3_TEST_0068,N
T3_TEST_0069,N
T3_TEST_0070,Y
T3_TEST_0071,N
T3_TEST_0072,N
T3_TEST_0073,N
T3_TEST_0074,N
T3_TEST_0075,N
T3_TEST_0076,N
T3_TEST_0077,N
T3_TEST_0078,N
T3_TEST_0079,N
T3_TEST_0080,N
T3_TEST_0081,N
T3_TEST_0082,N
T3_TEST_0083,N
T3_TEST_0084,N
T3_TEST_0085,N
T3_TEST_0086,N
T3_TEST_0087,N
T3_TEST_0088,N
T3_TEST_0089,N
T3_TEST_0090,N
T3_TEST_0091,N
T3_TEST_0092,N
T3_TEST_0093,Y
T3_TEST_0094,N
T3_TEST_0095,N
T3_TEST_0096,N
T3_TEST_0097,N
T3_TEST_0098,N
T3_TEST_0099,N
T3_TEST_0100,N
T3_TEST_0101,Y
T3_TEST_0102,N
T3_TEST_0103,N
T3_TEST_0104,N
T3_TEST_0105,N
T3_TEST_0106,N
T3_TEST_0107,N
T3_TEST_0108,N
T3_TEST_0109,N
T3_TEST_0110,N
T3_TEST_0111,N
T3_TEST_0112,N
T3_TEST_0113,N
T3_TEST_0114,N
T3_TEST_0115,Y
T3_TEST_0116,N
T3_TEST_0117,N
T3_TEST_0118,N
T3_TEST_0119,Y
T3_TEST_0120,N
T3_TEST_0121,N
T3_TEST_0122,N
T3_TEST_0123,N
T3_TEST_0124,N
T3_TEST_0125,N
T3_TEST_0126,N
T3_TEST_0127,N
T3_TEST_0128,N
T3_TEST_0129,N
T3_TEST_0130,N
T3_TEST_0131,Y
T3_TEST_0132,N
T3_TEST_0133,N
T3_TEST_0134,N
T3_TEST_0135,N
T3_TEST_0136,N
T3_TEST_0137,N
T3_TEST_0138,N
T3_TEST_0139,N
T3_TEST_0140,N
T3_TEST_0141,N
T3_TEST_0142,Y
T3_TEST_0143,N
T3_TEST_0144,N
T3_TEST_0145,N
T3_TEST_0146,N
T3_TEST_0147,N
T3_TEST_0148,N
T3_TEST_0149,N
T3_TEST_0150,N
T3_TEST_0151,N
T3_TEST_0152,N
T3_TEST_0153,N
T3_TEST_0154,N
T3_TEST_0155,N
T3_TEST_0156,N
T3_TEST_0157,N
T3_TEST_0158,N
T3_TEST_0159,N
T3_TEST_0160,N
T3_TEST_0161,N
T3_TEST_0162,N
T3_TEST_0163,N
T3_TEST_0164,N
T3_TEST_0165,N
T3_TEST_0166,N
T3_TEST_0167,N
T3_TEST_0168,N
T3_TEST_0169,Y
T3_TEST_0170,N
T3_TEST_0171,N
T3_TEST_0172,N
T3_TEST_0173,N
T3_TEST_0174,Y
T3_TEST_0175,N
T3_TEST_0176,N
T3_TEST_0177,N
T3_TEST_0178,N
T3_TEST_0179,N
T3_TEST_0180,Y
T3_TEST_0181,N
T3_TEST_0182,N
T3_TEST_0183,N
T3_TEST_0184,N
T3_TEST_0185,N
T3_TEST_0186,N
T3_TEST_0187,Y
T3_TEST_0188,N
T3_TEST_0189,N
T3_TEST_0190,N
T3_TEST_0191,N
T3_TEST_0192,N
T3_TEST_0193,N
T3_TEST_0194,N
T3_TEST_0195,N
T3_TEST_0196,N
T3_TEST_0197,N
T3_TEST_0198,N
T3_TEST_0199,N
T3_TEST_0200,N
T3_TEST_0201,N
T3_TEST_0202,N
T3_TEST_0203,N
T3_TEST_0204,N
T3_TEST_0205,Y
T3_TEST_0206,N
T3_TEST_0207,N
T3_TEST_0208,N
T3_TEST_0209,N
T3_TEST_0210,Y
T3_TEST_0211,N
T3_TEST_0212,N
T3_TEST_0213,N
T3_TEST_0214,N
T3_TEST_0215,N
T3_TEST_0216,N
T3_TEST_0217,N
T3_TEST_0218,N
T3_TEST_0219,N
T3_TEST_0220,Y
T3_TEST_0221,N
T3_TEST_0222,N
T3_TEST_0223,N
T3_TEST_0224,Y
T3_TEST_0225,N
T3_TEST_0226,N
T3_TEST_0227,N
T3_TEST_0228,Y
T3_TEST_0229,N
T3_TEST_0230,Y
T3_TEST_0231,N
T3_TEST_0232,Y
T3_TEST_0233,N
T3_TEST_0234,N
T3_TEST_0235,Y
T3_TEST_0236,N
T3_TEST_0237,N
T3_TEST_0238,Y
T3_TEST_0239,N
T3_TEST_0240,N
T3_TEST_0241,N
T3_TEST_0242,N
T3_TEST_0243,Y
T3_TEST_0244,N
T3_TEST_0245,N
T3_TEST_0246,Y
T3_TEST_0247,N
T3_TEST_0248,N
T3_TEST_0249,N
T3_TEST_0250,N
T3_TEST_0251,N
T3_TEST_0252,N
T3_TEST_0253,N
T3_TEST_0254,N
T3_TEST_0255,N
T3_TEST_0256,N
T3_TEST_0257,N
T3_TEST_0258,Y
T3_TEST_0259,N
T3_TEST_0260,N
T3_TEST_0261,N
T3_TEST_0262,N
T3_TEST_0263,N
T3_TEST_0264,N
T3_TEST_0265,Y
T3_TEST_0266,N
T3_TEST_0267,N
T3_TEST_0268,N
T3_TEST_0269,N
T3_TEST_0270,Y
T3_TEST_0271,N
T3_TEST_0272,Y
T3_TEST_0273,N
T3_TEST_0274,N
T3_TEST_0275,N
T3_TEST_0276,N
T3_TEST_0277,Y
T3_TEST_0278,Y
T3_TEST_0279,N
T3_TEST_0280,N
T3_TEST_0281,Y
T3_TEST_0282,N
T3_TEST_0283,Y
T3_TEST_0284,Y
T3_TEST_0285,N
T3_TEST_0286,Y
T3_TEST_0287,Y
T3_TEST_0288,N
T3_TEST_0289,N
T3_TEST_0290,Y
T3_TEST_0291,N
T3_TEST_0292,Y
T3_TEST_0293,N
T3_TEST_0294,Y
T3_TEST_0295,Y
T3_TEST_0296,N
T3_TEST_0297,N
T3_TEST_0298,Y
T3_TEST_0299,Y
T3_TEST_0300,N
T3_TEST_0301,N
T3_TEST_0302,N
T3_TEST_0303,N
T3_TEST_0304,N
T3_TEST_0305,Y
T3_TEST_0306,N
T3_TEST_0307,N
T3_TEST_0308,Y
T3_TEST_0309,Y
T3_TEST_0310,Y
T3_TEST_0311,N
T3_TEST_0312,Y
T3_TEST_0313,N
T3_TEST_0314,Y
T3_TEST_0315,N
T3_TEST_0316,Y
T3_TEST_0317,N
T3_TEST_0318,Y
T3_TEST_0319,Y
T3_TEST_0320,N
T3_TEST_0321,Y
T3_TEST_0322,N
T3_TEST_0323,N
T3_TEST_0324,Y
T3_TEST_0325,N
T3_TEST_0326,N
T3_TEST_0327,N
T3_TEST_0328,N
T3_TEST_0329,N
T3_TEST_0330,Y
T3_TEST_0331,Y
T3_TEST_0332,Y
T3_TEST_0333,N
T3_TEST_0334,N
T3_TEST_0335,N
T3_TEST_0336,Y
T3_TEST_0337,Y
T3_TEST_0338,N
T3_TEST_0339,N
T3_TEST_0340,N
T3_TEST_0341,N
T3_TEST_0342,Y
T3_TEST_0343,N
T3_TEST_0344,N
T3_TEST_0345,N
T3_TEST_0346,N
T3_TEST_0347,N
T3_TEST_0348,N
T3_TEST_0349,N
T3_TEST_0350,N
T3_TEST_0351,Y
T3_TEST_0352,Y
T3_TEST_0353,Y
T3_TEST_0354,N
T3_TEST_0355,N
T3_TEST_0356,N
T3_TEST_0357,N
T3_TEST_0358,N
T3_TEST_0359,N
T3_TEST_0360,N
T3_TEST_0361,Y
T3_TEST_0362,Y
T3_TEST_0363,N
T3_TEST_0364,Y
T3_TEST_0365,Y
T3_TEST_0366,N
T3_TEST_0367,Y
T3_TEST_0368,Y
T3_TEST_0369,Y
T3_TEST_0370,Y
T3_TEST_0371,N
T3_TEST_0372,Y
T3_TEST_0373,Y
T3_TEST_0374,Y
T3_TEST_0375,N
T3_TEST_0376,Y
T3_TEST_0377,Y
T3_TEST_0378,Y
T3_TEST_0379,Y
T3_TEST_0380,N
T3_TEST_0381,Y
T3_TEST_0382,Y
T3_TEST_0383,Y
T3_TEST_0384,Y
T3_TEST_0385,Y
T3_TEST_0386,Y
T3_TEST_0387,N
T3_TEST_0388,N
T3_TEST_0389,N
T3_TEST_0390,N
T3_TEST_0391,Y
T3_TEST_0392,N
T3_TEST_0393,Y
T3_TEST_0394,Y
T3_TEST_0395,Y
T3_TEST_0396,N
T3_TEST_0397,N
T3_TEST_0398,Y
T3_TEST_0399,Y
T3_TEST_0400,N
T3_TEST_0401,Y
T3_TEST_0402,N
T3_TEST_0403,N
T3_TEST_0404,N
T3_TEST_0405,Y
T3_TEST_0406,N
T3_TEST_0407,N
T3_TEST_0408,Y
T3_TEST_0409,Y
T3_TEST_0410,N
T3_TEST_0411,Y
T3_TEST_0412,Y
T3_TEST_0413,Y
T3_TEST_0414,Y
T3_TEST_0415,Y
T3_TEST_0416,N
T3_TEST_0417,N
T3_TEST_0418,N
T3_TEST_0419,N
T3_TEST_0420,N
T3_TEST_0421,N
T3_TEST_0422,N
T3_TEST_0423,N
T3_TEST_0424,N
T3_TEST_0425,N
T3_TEST_0426,Y
T3_TEST_0427,Y
T3_TEST_0428,N
T3_TEST_0429,N
T3_TEST_0430,Y
T3_TEST_0431,Y
T3_TEST_0432,Y
T3_TEST_0433,N
T3_TEST_0434,N
T3_TEST_0435,N
T3_TEST_0436,Y
T3_TEST_0437,Y
T3_TEST_0438,N
T3_TEST_0439,N
T3_TEST_0440,Y
T3_TEST_0441,N
T3_TEST_0442,Y
T3_TEST_0443,Y
T3_TEST_0444,Y
T3_TEST_0445,N
T3_TEST_0446,N
T3_TEST_0447,Y
T3_TEST_0448,Y
T3_TEST_0449,Y
T3_TEST_0450,N
T3_TEST_0451,N
T3_TEST_0452,Y
T3_TEST_0453,Y
T3_TEST_0454,Y
T3_TEST_0455,Y
T3_TEST_0456,N
T3_TEST_0457,N
T3_TEST_0458,N
T3_TEST_0459,Y
T3_TEST_0460,Y
T3_TEST_0461,N
T3_TEST_0462,N
T3_TEST_0463,Y
T3_TEST_0464,N
T3_TEST_0465,N
T3_TEST_0466,Y
T3_TEST_0467,Y
T3_TEST_0468,Y
T3_TEST_0469,N
T3_TEST_0470,N
T3_TEST_0471,Y
T3_TEST_0472,Y
T3_TEST_0473,N
T3_TEST_0474,Y
T3_TEST_0475,Y
T3_TEST_0476,Y
T3_TEST_0477,N
T3_TEST_0478,N
T3_TEST_0479,Y
T3_TEST_0480,N
T3_TEST_0481,Y
T3_TEST_0482,Y
T3_TEST_0483,N
T3_TEST_0484,N
T3_TEST_0485,Y
T3_TEST_0486,N
T3_TEST_0487,Y
T3_TEST_0488,N
T3_TEST_0489,N
T3_TEST_0490,N
T3_TEST_0491,N
T3_TEST_0492,N
T3_TEST_0493,N
T3_TEST_0494,N
T3_TEST_0495,Y
T3_TEST_0496,Y
T3_TEST_0497,Y
T3_TEST_0498,Y
T3_TEST_0499,N
T3_TEST_0500,N
T3_TEST_0501,N
T3_TEST_0502,Y
T3_TEST_0503,N
T3_TEST_0504,Y
T3_TEST_0505,Y
T3_TEST_0506,N
T3_TEST_0507,N
T3_TEST_0508,N
T3_TEST_0509,N
T3_TEST_0510,N
T3_TEST_0511,Y
T3_TEST_0512,Y
T3_TEST_0513,N
T3_TEST_0514,N
T3_TEST_0515,N
T3_TEST_0516,N
T3_TEST_0517,Y
T3_TEST_0518,N
T3_TEST_0519,Y
T3_TEST_0520,Y
T3_TEST_0521,Y
T3_TEST_0522,Y
T3_TEST_0523,Y
T3_TEST_0524,N
T3_TEST_0525,N
T3_TEST_0526,N
T3_TEST_0527,Y
T3_TEST_0528,Y
T3_TEST_0529,Y
T3_TEST_0530,Y
T3_TEST_0531,N
T3_TEST_0532,N
T3_TEST_0533,N
T3_TEST_0534,N
T3_TEST_0535,Y
T3_TEST_0536,N
T3_TEST_0537,N
T3_TEST_0538,N
T3_TEST_0539,Y
T3_TEST_0540,N
T3_TEST_0541,N
T3_TEST_0542,N
T3_TEST_0543,Y
T3_TEST_0544,N
T3_TEST_0545,N
T3_TEST_0546,Y
T3_TEST_0547,Y
T3_TEST_0548,N
T3_TEST_0549,Y
T3_TEST_0550,N
T3_TEST_0551,Y
T3_TEST_0552,N
T3_TEST_0553,N
T3_TEST_0554,N
T3_TEST_0555,N
T3_TEST_0556,Y
T3_TEST_0557,N
T3_TEST_0558,Y
T3_TEST_0559,N
T3_TEST_0560,N
T3_TEST_0561,Y
T3_TEST_0562,N
T3_TEST_0563,Y
T3_TEST_0564,Y
T3_TEST_0565,Y
T3_TEST_0566,N
T3_TEST_0567,N
T3_TEST_0568,N
T3_TEST_0569,N
T3_TEST_0570,N
T3_TEST_0571,Y
T3_TEST_0572,Y
T3_TEST_0573,Y
T3_TEST_0574,N
T3_TEST_0575,N
T3_TEST_0576,N
