song_id,song_title,artist_id,artist_name,lyrics,language,label
4175,Rompe,294,Daddy Yankee,"title: Rompe
artist: Daddy Yankee

You know
Los capos están ready
Las mamis están ready
Y en la calle estamos ready
Yeah, yeah, andamos ready
Los barrios están ready
One, two, get ready, come on!
Oh, oh, oh, oh!

Rompe, rompe, rompe, bien guilla'o
Rompe, rompe, rompe, ese cuerpo ella lo–
Rompe, rompe, rompe, bien guilla'o
Are you ready!?
Rompe, rompe, rompe, break it down
Rompe, rompe, rompe, the way she moves, ella lo–
Rompe, rompe, rompe, break it down
Let's go

My boo, no se limita a la hora de romper su pum-pum
Con curvas más calientes que el sur, right through
Enséñame si tienes la actitud, mami
Dale, go! Dale, go! Dale, go! Go!
Tiempo; llegó el momento, baby, de perder el control
Trabájame ese cuerpo más que un shot de Winstrol
Sube ese temperamento, dame movimiento
Lento, lento, ella lo–

Rompe, rompe, rompe, bien guilla'o
Rompe, rompe, rompe, ese cuerpo ella lo–
Rompe, rompe, rompe, bien guilla'o
Are you ready!?
Rompe, rompe, rompe, break it down
Rompe, rompe, rompe, the way she moves, ella lo–
Rompe, rompe, rompe, break it down
G-Go! G-Go! G-Go! G-Go!

Voy chillin', tranquilo, that's right
Buscando una gata que cae
No escondas todo eso que traes
Yo', baby, ¿qué es la que hay?
Voy chillin', tranquilo, that's right
Buscando una gata que cae
No escondas todo eso que trae'
¿Qué pasa, socio, qué es la que hay?
(What!? What!? What!? What!?)

Pinche, güey, ¿pensaste que esto era un mamey?
No vo' a dar break, deja ese guille de Scarface
Get out my way, usted no vende ni en eBay
No das pa' na', conmigo 'tás Frito-Lay
Chequea el swing
Que se le pega a to'as las nenas más que un G-string
Yo soy la pesadilla de todo' los dream team
Ya se te acabó el magazine
Conmigo no te la guilles, pa', de Listerine
Daddy te–

Rompe, rompe, rompe, bien guilla'o
Rompe, rompe, rompe, ese cuerpo ella lo–
Rompe, rompe, rompe, bien guilla'o
Are you ready!?
Rompe, rompe, rompe, break it down
Rompe, rompe, rompe, the way she moves, ella lo–
Rompe, rompe, rompe, break it down
Let's go

You know!
Oh!, oh!
En Directo
Oh!, oh!
Daddy Yankee, yo'
Con Los Jedis, Monserrate & DJ Urba
Fish! Jaja
It's official!
Daddy Yankee!
Cartel Records
En Directo
Who's this?
Jajaja",es_LATAM,M
87563,Me Estás Tentando,381,Wisin & Yandel,"title: Me Estás Tentando
artist: Wisin & Yandel

La Mente Maestra
Hace rato que tu mirada me anda diciendo que
Te encantaría pasar una noche llena de
Jajajajaja (Fuego, fuego)
Ella sabe
Es ""El Capitán"" W en sociedad con Yandel
Ustedes saben quiénes somos nosotros (Ah)

Me estás tentando
Hace rato que te ando velando, oh, oh (W, Yandel)
Tu cuerpo rozándome, eh, eh
Estás excitándome, eh, eh (Los líderes; ey)
Me estás tentando
Hace rato que te ando velando, oh, oh (¿Quiénes son?)
Tu cuerpo rozándome, eh, eh (Tú sabes quiénes son)
Estás excitándome, eh, eh (Ey, permiso)

Mi caramelo se suelta el pelo
Dale ron con hielo (Pah)
Dale, rompe el suelo (Du-ro)
Estamo' ready pa'l duelo
El cuello le huelo, ella está en celo
Ella es la reina del party (Tú sabes)
Como gata vulgary
Dale, somebody at it (Plah)
Al novio tuyo déjalo jugando Atari
Y tú, dale pa'l party
Modela, no me des gabela (Ajá)
Y déjame echarle por encima Nutella
Llegó el tiburón a comerse la sirena
ĄBoom, boom! Dale, nena

Me estás tentando (Ey)
Hace rato que te ando velando, oh, oh (Tú sabe')
Tu cuerpo rozándome, eh, eh
Estás excitándome, eh, eh
Me estás tentando (Plah; ey)
Hace rato que te ando velando, oh, oh
Tu cuerpo rozándome, eh, eh
Estás excitándome, eh, eh

Qué violento (Oh, oh, oh, oh)
Cuando te pegas a mi cuerpo lento (Estoy mirándote desde hace rato; oh, oh, oh, oh)
Cuando suspiras y me das de tu aliento, oh-oh
No te miento, oh-oh (Tú sabes)
Qué sediento, oh-oh
Me siento, oh-oh (ĄW!)

Llegó el tíguere de bengala más rápido que una bala (Hah, hah)
Relájate, ponte cómoda, inhala y exhala (Ajá)
Con este ritmo tienes que bailar a la mala
Dale, mete presión, coraje y sube la escala (Duro)
Coqueta, maleta, maquillaje y las chancleta'
El pantalón apreta'o, guayando en una loseta (Ajá)
Mami, llegó tu doctor a darte la receta (¿Qué?)
Aprieta (ĄDuro!; tah; ah)

Me estás tentando (Ajá)
Hace rato que te ando velando, oh, oh (Los líderes)
Tu cuerpo rozándome, eh, eh
Estás excitándome, eh, eh
Me estás tentando
Hace rato que te ando velando, oh, oh (Tú estás fronteando conmigo)
Tu cuerpo rozándome, eh, eh (Ajá)
Estás excitándome, eh, eh (Heh)

Qué violento (Oh, oh, oh, oh)
Cuando te pegas a mi cuerpo lento (Oh, oh, oh, oh)
Cuando suspiras y me das de tu aliento, oh-oh
No te miento, oh-oh (Ajá)
Qué sediento, oh-oh
Me siento, oh-oh

Como las palabras se las lleva el viento
Tanto W como Yandel, Nesty, Víctor ""El Nasi"", Marioso
Nos hemos dado la tarea de sobrepasar los niveles musicale'
Ustedes saben ya, el capítulo de hoy se llama ""La Mente Maestra""
ĄSube, sube! Los Líderes
ĄHah!",es_LATAM,M
90914,Obsesión,548,Aventura (Ft. Judy Santos),"title: Obsesión
artist: Aventura (Ft. Judy Santos)

Something flavored, Aventura
Hello?
Shh, solo escucha

Son las cinco 'e la mañana y yo no he dormido nada
Pensando en tu belleza, en loco voy a parar
El insomnio es mi castigo, tu amor será mi alivio
Y hasta que no seas mía no viviré en paz
Hoy conocí tu novio, pequeño y no buen mozo
Y sé que él no te quiere, por su forma de hablar
Además, tú no lo amas, porque él no da la talla
No sabe complacerte como lo haría yo
Pero tendré paciencia, porque él no es competencia
Por eso no hay motivos para yo respetarlo

No, no es amor
Lo que tú sientes se llama obsesión
Una ilusión
En tu pensamiento
Que te hace hacer cosas
Así funciona el corazón

Bien vestido y en mi Lexus pasé por tu colegio
Me informan que te fuiste, como un loco te fui a alcanzar
Te busqué y no te encontraba, y eso me preocupaba
Para calmar mi ansia yo te quería llamar
Pero no tenía tu número, y tu amiga ya me lo negó
Ser bonito mucho me ayudó, y eso me trajo la solución
Yo sé que le gustaba, y le di una mirada
Con par de palabritas tu número me dio
Del celular llamaba y tú no contestabas
Luego te puse un beeper y no había conexión
Mi única esperanza es que oigas mis palabras
No puedo, tengo novio
No me enganches, por favor

No, no es amor (Escúchame por favor)
Lo que tú sientes (¿Qué es?) se llama obsesión
Una ilusión (Estoy perdiendo el control)
En tu pensamiento
Que te hace hacer cosas
Así funciona el corazón
(Mi amor, por Dios no me enganches, espérate, que hay más)

Hice cita pa'l psiquiatra, a ver si me ayudaba
Pues ya no tengo amigos por solo hablar de ti
Lo que quiero es hablarte, para intentar besarte
¿Será posible que de una obsesión me pueda morir?
Y quizás pienses que soy tonto, privón y también loco
Pero es que en el amor soy muy original
Me enamoro como otros, conquisto a mi modo
Amar es mi talento, te voy a enamorar
Disculpa si te ofendo, pero es que soy honesto
Con lujo de detalles, escucha mi versión
Pura crema y chocolate, untarte y devorarte
Llevarte a otro mundo en tu mente, corazón
Ven vive una aventura, hagamos mil locuras
Voy a hacerte caricias que no se han inventa'o

(Let me find out)
No es amor, no es amor, es una obsesión (Oh, no)
No es amor, no es amor (No, no), es una obsesión (No, woah)
No es amor, no es amor, es una obsesión (No, woah)
No es amor, no es amor (Uuh), es una obsesión (Yeah, yeah, yeah, uh)
No es amor, no es amor, es una obsesión
Hey",es_LATAM,M
91785,Gasolina,294,Daddy Yankee,"title: Gasolina
artist: Daddy Yankee

(Oh, oh, oh, oh)
(Oh, oh, oh, hey) Who's this? Da-ddy Yan-kee
Zúmbale mambo pa' que mis gata' prendan los motore'
Zúmbale mambo pa' que mis gata' prendan los motore'
Zúmbale mambo pa' que mis gata' prendan los motore'
Que se preparen que lo que viene es pa' que le den
(Duro) Mamita, yo sé que tú no te me va' a quitar
(Duro) Lo que me gusta es que tú te dejas llevar
(Duro) Todos los weekenes ella sale a vacilar
(Duro) Mi gata no para 'e janguear, porque
A ella le gusta la gasolina
Dame más gasolina
Cómo le encanta la gasolina
Dame más gasolina
A ella le gusta la gasolina
Dame más gasolina
Cómo le encanta la gasolina
Dame más gasolina
Ella prende las turbina', no discrimina
No se pierde ni un party de marquesina
Se acicala hasta pa' la esquina
Luce tan bien que hasta la sombra le combina
Asesina, me domina
Janguea en carros, motoras y limusinas
Llena su tanque de adrenalina
Cuando escucha reggaetón en las bocina'
A ella le gusta la gasolina (Oh, oh)
Dame más gasolina (Oh, oh)
Cómo le encanta la gasolina (Oh, oh)
Dame más gasolina (Oh)
A ella le gusta la gasolina (Oh, oh)
Dame más gasolina (Oh, oh)
Cómo le encanta la gasolina (Oh, oh)
Dame más gasolina (Oh)
Aquí somos los mejores, no te me ajore'
En la pista nos llaman ""Los Matadore'""
Tú hace' que cualquiera se enamore
Cuando bailas al ritmo de los tambore'
Esto va pa' las gatas de to's colore'
Pa' las mayore', pa' las menore'
Pa' las que son más zorras que los cazadore'
Pa' las mujeres que no apagan sus motore'
Tenemo' tú y yo algo pendiente
Tú me debe' algo y lo sabe'
Conmigo ella se pierde
No le rinde cuentas a nadie
Tenemo' tú y yo algo pendiente
Tú me debe' algo y lo sabe'
Conmigo ella se pierde
No le rinde cuentas a nadie
Zúmbale mambo pa' que mis gata' prendan los motore'
Zúmbale mambo pa' que mis gata' prendan los motore'
Zúmbale mambo pa' que mis gata' prendan los motore'
Que se preparen que lo que viene es pa' que le den
(Duro) Mamita, yo sé que tú no te me va' a quitar
(Duro) Lo que me gusta es que tú te dejas llevar
(Duro) Todos los weekenes ella sale a vacilar
(Duro) Mi gata no para 'e janguear, porque
A ella le gusta la gasolina (Oh, oh)
Dame más gasolina (Oh, oh)
Cómo le encanta la gasolina (Oh, oh)
Dame más gasolina (Oh)
A ella le gusta la gasolina (Oh, oh)
Dame más gasolina (Oh, oh)
Cómo le encanta la gasolina (Oh, oh)
Dame más gasolina (Oh)
(Oh, oh, oh, oh)
(Oh, oh, oh, oh)",es_LATAM,M
91793,"Lo Que Pasó, Pasó",294,Daddy Yankee,"title: Lo Que Pasó, Pasó
artist: Daddy Yankee

Ah, ah, dale mambo (Woh-oh)
Ah, dale mambo (Entre tú y yo)
Daddy (Yeah-eh)
Son cosas que pasan en el barrio fino

Esta noche contigo la pasé bien (Woh-oh)
Pero yo me enteré que te debes a alguien (Yeah-eh)
Y tú fallaste, pero ya es tarde
Y tú fallaste, pero ya es tarde

Lo que pasó, pasó (Entre tú y yo)
Lo que pasó, pasó (Entre tú y yo)
Lo que pasó, pasó (Entre tú y yo)
Lo que pasó, pasó (Entre tú y yo)

(ĄDaddy!)
E' una asesina, ella conlleva a la medicina
Engañadora que te envuelve y te domina
Una abusadora; ella como sabe, te devora
Y si no tiene' experiencia, te enamora
Una especialista hará que te ponga ella a la vista
Va al asecho y será' uno má' en su lista
¿Que si e' maliciosa? Yo, que la traté como una diosa
Me engañó y ahora me llama como loca, ajá

Presea, dale, presea
Si ya no estamo' junto', otra mujer me gardea, mami
Presea, dale, presea
Que poco' son los indio', hay mucha' india' en la aldea, ¿sabe'?
Presea, dale, presea
No dejes pa' mañana lo de hoy, que te lo llevan, ma
Presea, dale, presea
Ahora está' celosa porque otra me desea, ajá

Esta noche contigo la pasé bien (Woh-oh)
Pero yo me enteré que te debes a alguien (Yeah-eh)
Y tú fallaste, pero ya es tarde
Y tú fallaste, pero ya es tarde

Lo que pasó, pasó (Entre tú y yo)
Lo que pasó, pasó (Entre tú y yo)
Lo que pasó, pasó (Entre tú y yo)
Lo que pasó, pasó (Entre tú y yo)

Presea, dale, presea
Si ya no estamo' junto', otra mujer me gardea, mami
Presea, dale, presea
Que poco' son los indio', hay mucha' india' en la aldea, ¿sabe'?
Presea, dale, presea
No dejes pa' mañana lo de hoy, que te lo llevan, ma
Presea, dale, presea
Ahora está' celosa porque otra me desea, ajá (Dile')

Yo estoy soltero, mai, y tú presea'
Yo saco otra a bailar y tú presea'
Tú come' en to's lao' y me presea'
Si tienes dueño, ma, ¿por qué presea'?
(Vamo' a dejar esto claro ya, ¿okey?)

Lo que pasó, pasó (Entre tú y yo)
Lo que pasó, pasó (Entre tú y yo)
Lo que pasó, pasó (Entre tú y yo)
Lo que pasó, pasó (Entre tú y yo)

Ah, ah, dale mambo
Ah, dale mambo
Luny Tunes
Son cosas que pasan en el barrio fino
ĄDaddy!
ĄEliel!
Siguiri-Da-Da– (Woh-oh)
Siguiri-Da-Da–
Daddy Yankee, yo'
Come on! (Woh-oh)",es_LATAM,M